Workbook

Sheet COVER
C2: PRACTICUM TRAINING (AMCP5103) LOG BOOK
B7: Student Name
B9: Matriculation No.
B11: Semester
B13: Site Supervisor
B15: Academic Supervisor
B17: Organization / Site
B19: Site Address
B22: HOUR REQUIREMENTS (AMCP5103)
B23: Direct Client Contact (min. 96 hrs) | C23: Individual Counselling | D23: 50 – 70 hrs
C24: Group Counselling | D24: 30 – 50 hrs
C25: Career/Family/Couple Counselling | D25: —
B26: Other Activities (min. 156 hrs) | C26: Professional Development
C27: Guidance Activities
C28: Supervision
C29: Management and Administration
C30: Face-to-Face Seminars (3 hrs × 5) | D30: 15 hrs
B31: GRAND TOTAL | D31: 252 Hours
B32: This logbook is a confidential document. Handle with care and submit as required.

Sheet SUMMARY
A1: PRACTICUM TRAINING (AMCP5103) — CUMULATIVE HOUR SUMMARY
A4: Totals are automatically pulled from each weekly log sheet. Fill in the weekly sheets to update this summary.
A6: No. | B6: Week | C6: Date From | D6: Individual Counselling (hrs) | E6: Group Counselling (hrs) | F6: Career/Family/ Couple (hrs) | G6: Prof. Development (hrs) | H6: Guidance & Admin (hrs) | I6: Supervision (hrs) | J6: Face-to-Face Seminar (hrs) | K6: TOTAL HRS
A7: 1 | B7: Wk 1 | C7: ='W01'!F2 -> 46277 | D7: ='W01'!G23 -> 0 | E7: ='W01'!G24 -> 0 | F7: ='W01'!G25 -> 0 | G7: ='W01'!G26 -> 8 | H7: ='W01'!G27+'W01'!G29 -> 0 | I7: ='W01'!G28 -> 0 | J7: ='W01'!G30 -> 0 | K7: =SUM(D7:J7) -> 8
A8: 2 | B8: Wk 2 | C8: ='W02'!F2 -> 46284 | D8: ='W02'!G23 -> 0 | E8: ='W02'!G24 -> 0 | F8: ='W02'!G25 -> 0 | G8: ='W02'!G26 -> 4 | H8: ='W02'!G27+'W02'!G29 -> 0 | I8: ='W02'!G28 -> 0 | J8: ='W02'!G30 -> 3 | K8: =SUM(D8:J8) -> 7
A9: 3 | B9: Wk 3 | C9: ='W03'!F2 -> 46291 | D9: ='W03'!G23 -> 0 | E9: ='W03'!G24 -> 0 | F9: ='W03'!G25 -> 0 | G9: ='W03'!G26 -> 8 | H9: ='W03'!G27+'W03'!G29 -> 0 | I9: ='W03'!G28 -> 0 | J9: ='W03'!G30 -> 0 | K9: =SUM(D9:J9) -> 8
A10: 4 | B10: Wk 4 | C10: ='W04'!F2 -> 46298 | D10: ='W04'!G23 -> 0 | E10: ='W04'!G24 -> 0 | F10: ='W04'!G25 -> 0 | G10: ='W04'!G26 -> 4 | H10: ='W04'!G27+'W04'!G29 -> 0 | I10: ='W04'!G28 -> 0 | J10: ='W04'!G30 -> 3 | K10: =SUM(D10:J10) -> 7
A11: 5 | B11: Wk 5 | C11: ='W05'!F2 -> 46305 | D11: ='W05'!G23 -> 0 | E11: ='W05'!G24 -> 0 | F11: ='W05'!G25 -> 0 | G11: ='W05'!G26 -> 0 | H11: ='W05'!G27+'W05'!G29 -> 0 | I11: ='W05'!G28 -> 0 | J11: ='W05'!G30 -> 0 | K11: =SUM(D11:J11) -> 0
A12: 6 | B12: Wk 6 | C12: ='W06'!F2 -> 46312 | D12: ='W06'!G23 -> 0 | E12: ='W06'!G24 -> 0 | F12: ='W06'!G25 -> 0 | G12: ='W06'!G26 -> 0 | H12: ='W06'!G27+'W06'!G29 -> 0 | I12: ='W06'!G28 -> 0 | J12: ='W06'!G30 -> 3 | K12: =SUM(D12:J12) -> 3
A13: 7 | B13: Wk 7 | C13: ='W07'!F2 -> 46319 | D13: ='W07'!G23 -> 0 | E13: ='W07'!G24 -> 0 | F13: ='W07'!G25 -> 0 | G13: ='W07'!G26 -> 0 | H13: ='W07'!G27+'W07'!G29 -> 0 | I13: ='W07'!G28 -> 0 | J13: ='W07'!G30 -> 0 | K13: =SUM(D13:J13) -> 0
A14: 8 | B14: Wk 8 | C14: ='W08'!F2 -> 46326 | D14: ='W08'!G23 -> 0 | E14: ='W08'!G24 -> 0 | F14: ='W08'!G25 -> 0 | G14: ='W08'!G26 -> 0 | H14: ='W08'!G27+'W08'!G29 -> 0 | I14: ='W08'!G28 -> 0 | J14: ='W08'!G30 -> 3 | K14: =SUM(D14:J14) -> 3
A15: 9 | B15: Wk 9 | C15: ='W09'!F2 -> 46333 | D15: ='W09'!G23 -> 0 | E15: ='W09'!G24 -> 0 | F15: ='W09'!G25 -> 0 | G15: ='W09'!G26 -> 0 | H15: ='W09'!G27+'W09'!G29 -> 0 | I15: ='W09'!G28 -> 0 | J15: ='W09'!G30 -> 0 | K15: =SUM(D15:J15) -> 0
A16: 10 | B16: Wk 10 | C16: ='W10'!F2 -> 46340 | D16: ='W10'!G23 -> 0 | E16: ='W10'!G24 -> 0 | F16: ='W10'!G25 -> 0 | G16: ='W10'!G26 -> 0 | H16: ='W10'!G27+'W10'!G29 -> 0 | I16: ='W10'!G28 -> 0 | J16: ='W10'!G30 -> 0 | K16: =SUM(D16:J16) -> 0
A17: 11 | B17: Wk 11 | C17: ='W11'!F2 -> 46347 | D17: ='W11'!G23 -> 0 | E17: ='W11'!G24 -> 0 | F17: ='W11'!G25 -> 0 | G17: ='W11'!G26 -> 0 | H17: ='W11'!G27+'W11'!G29 -> 0 | I17: ='W11'!G28 -> 0 | J17: ='W11'!G30 -> 3 | K17: =SUM(D17:J17) -> 3
A18: 12 | B18: Wk 12 | C18: ='W12'!F2 -> 46354 | D18: ='W12'!G23 -> 0 | E18: ='W12'!G24 -> 0 | F18: ='W12'!G25 -> 0 | G18: ='W12'!G26 -> 0 | H18: ='W12'!G27+'W12'!G29 -> 0 | I18: ='W12'!G28 -> 0 | J18: ='W12'!G30 -> 0 | K18: =SUM(D18:J18) -> 0
A19: 13 | B19: Wk 13 | C19: ='W13'!F2 -> 46361 | D19: ='W13'!G23 -> 0 | E19: ='W13'!G24 -> 0 | F19: ='W13'!G25 -> 0 | G19: ='W13'!G26 -> 0 | H19: ='W13'!G27+'W13'!G29 -> 0 | I19: ='W13'!G28 -> 0 | J19: ='W13'!G30 -> 0 | K19: =SUM(D19:J19) -> 0
A20: 14 | B20: Wk 14 | C20: ='W14'!F2 -> 46368 | D20: ='W14'!G23 -> 0 | E20: ='W14'!G24 -> 0 | F20: ='W14'!G25 -> 0 | G20: ='W14'!G26 -> 0 | H20: ='W14'!G27+'W14'!G29 -> 0 | I20: ='W14'!G28 -> 0 | J20: ='W14'!G30 -> 0 | K20: =SUM(D20:J20) -> 0
A21: 15 | B21: Wk 15 | C21: ='W15'!F2 -> 46375 | D21: ='W15'!G23 -> 0 | E21: ='W15'!G24 -> 0 | F21: ='W15'!G25 -> 0 | G21: ='W15'!G26 -> 0 | H21: ='W15'!G27+'W15'!G29 -> 0 | I21: ='W15'!G28 -> 0 | J21: ='W15'!G30 -> 0 | K21: =SUM(D21:J21) -> 0
A22: 16 | B22: Wk 16 | C22: ='W16'!F2 -> 46382 | D22: ='W16'!G23 -> 0 | E22: ='W16'!G24 -> 0 | F22: ='W16'!G25 -> 0 | G22: ='W16'!G26 -> 0 | H22: ='W16'!G27+'W16'!G29 -> 0 | I22: ='W16'!G28 -> 0 | J22: ='W16'!G30 -> 0 | K22: =SUM(D22:J22) -> 0
A23: 17 | B23: Wk 17 | C23: ='W17'!F2 -> 0 | D23: ='W17'!G23 -> 0 | E23: ='W17'!G24 -> 0 | F23: ='W17'!G25 -> 0 | G23: ='W17'!G26 -> 0 | H23: ='W17'!G27+'W17'!G29 -> 0 | I23: ='W17'!G28 -> 0 | J23: ='W17'!G30 -> 0 | K23: =SUM(D23:J23) -> 0
A24: 18 | B24: Wk 18 | C24: ='W18'!F2 -> 0 | D24: ='W18'!G23 -> 0 | E24: ='W18'!G24 -> 0 | F24: ='W18'!G25 -> 0 | G24: ='W18'!G26 -> 0 | H24: ='W18'!G27+'W18'!G29 -> 0 | I24: ='W18'!G28 -> 0 | J24: ='W18'!G30 -> 0 | K24: =SUM(D24:J24) -> 0
A25: CUMULATIVE TOTAL | D25: =SUM(D7:D24) -> 0 | E25: =SUM(E7:E24) -> 0 | F25: =SUM(F7:F24) -> 0 | G25: =SUM(G7:G24) -> 24 | H25: =SUM(H7:H24) -> 0 | I25: =SUM(I7:I24) -> 0 | J25: =SUM(J7:J24) -> 15 | K25: =SUM(K7:K24) -> 39
A28: 📊 PROGRESS DASHBOARD
A29: Component | C29: Target (hrs) | D29: Completed (hrs) | E29: Remaining (hrs) | F29: % Complete | G29: Status
A30: Individual Counselling | C30: 70 | D30: =D25 -> 0 | E30: =MAX(0,C30-D30) -> 70 | F30: =IF(C30=0,"N/A",MIN(100,D30/C30*100)) -> 0 | G30: =IF(C30=0,"—",IF(D30>=C30,"✅ Complete",IF(D30>=C30*0.5,"🟡 In Progress","🔴 Below Target"))) -> 🔴 Below Target
A31: Group Counselling | C31: 50 | D31: =E25 -> 0 | E31: =MAX(0,C31-D31) -> 50 | F31: =IF(C31=0,"N/A",MIN(100,D31/C31*100)) -> 0 | G31: =IF(C31=0,"—",IF(D31>=C31,"✅ Complete",IF(D31>=C31*0.5,"🟡 In Progress","🔴 Below Target"))) -> 🔴 Below Target
A32: Career/Family/Couple Counselling | C32: 0 | D32: =F25 -> 0 | E32: =MAX(0,C32-D32) -> 0 | F32: =IF(C32=0,"N/A",MIN(100,D32/C32*100)) -> N/A | G32: =IF(C32=0,"—",IF(D32>=C32,"✅ Complete",IF(D32>=C32*0.5,"🟡 In Progress","🔴 Below Target"))) -> —
A33: TOTAL Direct Client Contact | C33: 96 | D33: =D25+E25+F25 -> 0 | E33: =MAX(0,C33-D33) -> 96 | F33: =IF(C33=0,"N/A",MIN(100,D33/C33*100)) -> 0 | G33: =IF(C33=0,"—",IF(D33>=C33,"✅ Complete",IF(D33>=C33*0.5,"🟡 In Progress","🔴 Below Target"))) -> 🔴 Below Target
A34: Professional Development | C34: 0 | D34: =G25 -> 24 | E34: =MAX(0,C34-D34) -> 0 | F34: =IF(C34=0,"N/A",MIN(100,D34/C34*100)) -> N/A | G34: =IF(C34=0,"—",IF(D34>=C34,"✅ Complete",IF(D34>=C34*0.5,"🟡 In Progress","🔴 Below Target"))) -> —
A35: Guidance & Admin | C35: 141 | D35: =H25 -> 0 | E35: =MAX(0,C35-D35) -> 141 | F35: =IF(C35=0,"N/A",MIN(100,D35/C35*100)) -> 0 | G35: =IF(C35=0,"—",IF(D35>=C35,"✅ Complete",IF(D35>=C35*0.5,"🟡 In Progress","🔴 Below Target"))) -> 🔴 Below Target
A36: Supervision | C36: 0 | D36: =I25 -> 0 | E36: =MAX(0,C36-D36) -> 0 | F36: =IF(C36=0,"N/A",MIN(100,D36/C36*100)) -> N/A | G36: =IF(C36=0,"—",IF(D36>=C36,"✅ Complete",IF(D36>=C36*0.5,"🟡 In Progress","🔴 Below Target"))) -> —
A37: Face-to-Face Seminars | C37: 15 | D37: =J25 -> 15 | E37: =MAX(0,C37-D37) -> 0 | F37: =IF(C37=0,"N/A",MIN(100,D37/C37*100)) -> 100 | G37: =IF(C37=0,"—",IF(D37>=C37,"✅ Complete",IF(D37>=C37*0.5,"🟡 In Progress","🔴 Below Target"))) -> ✅ Complete
A38: TOTAL Other Activities | C38: 156 | D38: =G25+H25+I25+J25 -> 39 | E38: =MAX(0,C38-D38) -> 117 | F38: =IF(C38=0,"N/A",MIN(100,D38/C38*100)) -> 25 | G38: =IF(C38=0,"—",IF(D38>=C38,"✅ Complete",IF(D38>=C38*0.5,"🟡 In Progress","🔴 Below Target"))) -> 🔴 Below Target
A39: GRAND TOTAL | C39: 252 | D39: =K25 -> 39 | E39: =MAX(0,C39-D39) -> 213 | F39: =IF(C39=0,"N/A",MIN(100,D39/C39*100)) -> 15.47619 | G39: =IF(C39=0,"—",IF(D39>=C39,"✅ Complete",IF(D39>=C39*0.5,"🟡 In Progress","🔴 Below Target"))) -> 🔴 Below Target

Sheet CLIENT TRACKER
A1: CLIENT PROGRESS TRACKER — AMCP5103
A4: No. | B4: Client Code | C4: Age | D4: Gender | E4: Session 1 Date | F4: Session 2 Date | G4: Session 3 Date | H4: Session 4 Date | I4: Total Sessions | J4: Status / Notes
A5: 1 | I5: =COUNTA(E5:H5) -> 0
A6: 2 | I6: =COUNTA(E6:H6) -> 0
A7: 3 | I7: =COUNTA(E7:H7) -> 0
A8: 4 | I8: =COUNTA(E8:H8) -> 0
A9: 5 | I9: =COUNTA(E9:H9) -> 0
A10: 6 | I10: =COUNTA(E10:H10) -> 0
A11: 7 | I11: =COUNTA(E11:H11) -> 0
A12: 8 | I12: =COUNTA(E12:H12) -> 0
A13: 9 | I13: =COUNTA(E13:H13) -> 0
A14: 10 | I14: =COUNTA(E14:H14) -> 0
A16: * Minimum 3 sessions per client required. Sessions must also be recorded in the weekly log sheets.

Sheet W01
A1: WEEK 1 — PRACTICUM TRAINING LOG (AMCP5103)
A2: Week No: | C2: 1 | D2: Date From: | F2: 46277 | G2: Date To: | I2: 46283
A4: No. | B4: Date | C4: Time (Start–End) | D4: Activity Description | E4: Activity Type | F4: Client Code | G4: No. of Clients | H4: Duration (hrs) | I4: Notes / Observations
A5: 1 | B5: 46278 | C5: 0.375 | D5: Basic Counselling Skill by Dr Lynda -Session 1 | E5: Professional Development | H5: 4
A6: 2 | B6: 46281 | C6: 0.375 | D6: Basic Counselling Skill by Dr Lynda -Session 2 | E6: Professional Development | H6: 4
A7: 3
A8: 4
A9: 5
A10: 6
A11: 7
A12: 8
A13: 9
A14: 10
A15: 11
A16: 12
A17: 13
A18: 14
A19: 15
A21: WEEKLY HOUR COLLECTION
A22: Component | E22: Number of Sessions | F22: Number of Clients | G22: Total Hours
A23: Individual Counselling | E23: =COUNTIF($E$5:$E$19,"Individual Counselling") -> 0 | F23: =SUMIF($E$5:$E$19,"Individual Counselling",$G$5:$G$19) -> 0 | G23: =SUMIF($E$5:$E$19,"Individual Counselling",$H$5:$H$19) -> 0
A24: Group Counselling | E24: =COUNTIF($E$5:$E$19,"Group Counselling") -> 0 | F24: =SUMIF($E$5:$E$19,"Group Counselling",$G$5:$G$19) -> 0 | G24: =SUMIF($E$5:$E$19,"Group Counselling",$H$5:$H$19) -> 0
A25: Career / Family / Couple Counselling | E25: =COUNTIF($E$5:$E$19,"Career / Family / Couple Counselling") -> 0 | F25: =SUMIF($E$5:$E$19,"Career / Family / Couple Counselling",$G$5:$G$19) -> 0 | G25: =SUMIF($E$5:$E$19,"Career / Family / Couple Counselling",$H$5:$H$19) -> 0
A26: Professional Development | E26: =COUNTIF($E$5:$E$19,"Professional Development") -> 2 | F26: =SUMIF($E$5:$E$19,"Professional Development",$G$5:$G$19) -> 0 | G26: =SUMIF($E$5:$E$19,"Professional Development",$H$5:$H$19) -> 8
A27: Guidance Activities | E27: =COUNTIF($E$5:$E$19,"Guidance Activities") -> 0 | F27: =SUMIF($E$5:$E$19,"Guidance Activities",$G$5:$G$19) -> 0 | G27: =SUMIF($E$5:$E$19,"Guidance Activities",$H$5:$H$19) -> 0
A28: Supervision | E28: =COUNTIF($E$5:$E$19,"Supervision") -> 0 | F28: =SUMIF($E$5:$E$19,"Supervision",$G$5:$G$19) -> 0 | G28: =SUMIF($E$5:$E$19,"Supervision",$H$5:$H$19) -> 0
A29: Management and Administration | E29: =COUNTIF($E$5:$E$19,"Management and Administration") -> 0 | F29: =SUMIF($E$5:$E$19,"Management and Administration",$G$5:$G$19) -> 0 | G29: =SUMIF($E$5:$E$19,"Management and Administration",$H$5:$H$19) -> 0
A30: Face-to-Face Seminar | E30: =COUNTIF($E$5:$E$19,"Face-to-Face Seminar") -> 0 | F30: =SUMIF($E$5:$E$19,"Face-to-Face Seminar",$G$5:$G$19) -> 0 | G30: =SUMIF($E$5:$E$19,"Face-to-Face Seminar",$H$5:$H$19) -> 0
A31: TOTAL HOURS THIS WEEK | E31: =SUM(E23:E30) -> 2 | F31: =SUM(F23:F30) -> 0 | G31: =SUM(G23:G30) -> 8
A32: ↳ Direct Client Contact Hours | G32: =G23+G24+G25 -> 0
A33: ↳ Other Activities Hours | G33: =G31-G32 -> 8
A35: REFLECTION
A42: Trainee Counsellor's Signature: | F42: Academic Supervisor / Field Supervisor's Signature:
A43: Signature : | F43: Signature :
A45: Name : | F45: Name :
A47: Date : | F47: Date :

Sheet W02
A1: WEEK 2 — PRACTICUM TRAINING LOG (AMCP5103)
A2: Week No: | C2: 2 | D2: Date From: | F2: 46284 | G2: Date To: | I2: 46290
A4: No. | B4: Date | C4: Time (Start–End) | D4: Activity Description | E4: Activity Type | F4: Client Code | G4: No. of Clients | H4: Duration (hrs) | I4: Notes / Observations
A5: 1 | B5: 46284 | C5: 0.35416667 | D5: AMCP Seminar 1 | E5: Face-to-Face Seminar | H5: 3
A6: 2 | B6: 46285 | C6: 9:00am | D6: Basic Counselling Skill by Dr Lynda -Session 3 | E6: Professional Development | H6: 4
A7: 3
A8: 4
A9: 5
A10: 6
A11: 7
A12: 8
A13: 9
A14: 10
A15: 11
A16: 12
A17: 13
A18: 14
A19: 15
A21: WEEKLY HOUR COLLECTION
A22: Component | E22: Number of Sessions | F22: Number of Clients | G22: Total Hours
A23: Individual Counselling | E23: =COUNTIF($E$5:$E$19,"Individual Counselling") -> 0 | F23: =SUMIF($E$5:$E$19,"Individual Counselling",$G$5:$G$19) -> 0 | G23: =SUMIF($E$5:$E$19,"Individual Counselling",$H$5:$H$19) -> 0
A24: Group Counselling | E24: =COUNTIF($E$5:$E$19,"Group Counselling") -> 0 | F24: =SUMIF($E$5:$E$19,"Group Counselling",$G$5:$G$19) -> 0 | G24: =SUMIF($E$5:$E$19,"Group Counselling",$H$5:$H$19) -> 0
A25: Career / Family / Couple Counselling | E25: =COUNTIF($E$5:$E$19,"Career / Family / Couple Counselling") -> 0 | F25: =SUMIF($E$5:$E$19,"Career / Family / Couple Counselling",$G$5:$G$19) -> 0 | G25: =SUMIF($E$5:$E$19,"Career / Family / Couple Counselling",$H$5:$H$19) -> 0
A26: Professional Development | E26: =COUNTIF($E$5:$E$19,"Professional Development") -> 1 | F26: =SUMIF($E$5:$E$19,"Professional Development",$G$5:$G$19) -> 0 | G26: =SUMIF($E$5:$E$19,"Professional Development",$H$5:$H$19) -> 4
A27: Guidance Activities | E27: =COUNTIF($E$5:$E$19,"Guidance Activities") -> 0 | F27: =SUMIF($E$5:$E$19,"Guidance Activities",$G$5:$G$19) -> 0 | G27: =SUMIF($E$5:$E$19,"Guidance Activities",$H$5:$H$19) -> 0
A28: Supervision | E28: =COUNTIF($E$5:$E$19,"Supervision") -> 0 | F28: =SUMIF($E$5:$E$19,"Supervision",$G$5:$G$19) -> 0 | G28: =SUMIF($E$5:$E$19,"Supervision",$H$5:$H$19) -> 0
A29: Management and Administration | E29: =COUNTIF($E$5:$E$19,"Management and Administration") -> 0 | F29: =SUMIF($E$5:$E$19,"Management and Administration",$G$5:$G$19) -> 0 | G29: =SUMIF($E$5:$E$19,"Management and Administration",$H$5:$H$19) -> 0
A30: Face-to-Face Seminar | E30: =COUNTIF($E$5:$E$19,"Face-to-Face Seminar") -> 1 | F30: =SUMIF($E$5:$E$19,"Face-to-Face Seminar",$G$5:$G$19) -> 0 | G30: =SUMIF($E$5:$E$19,"Face-to-Face Seminar",$H$5:$H$19) -> 3
A31: TOTAL HOURS THIS WEEK | E31: =SUM(E23:E30) -> 2 | F31: =SUM(F23:F30) -> 0 | G31: =SUM(G23:G30) -> 7
A32: ↳ Direct Client Contact Hours | G32: =G23+G24+G25 -> 0
A33: ↳ Other Activities Hours | G33: =G31-G32 -> 7
A35: REFLECTION
A42: Trainee Counsellor's Signature: | F42: Academic Supervisor / Field Supervisor's Signature:
A43: Signature : | F43: Signature :
A45: Name : | F45: Name :
A47: Date : | F47: Date :

Sheet W03
A1: WEEK 3 — PRACTICUM TRAINING LOG (AMCP5103)
A2: Week No: | C2: 3 | D2: Date From: | F2: 46291 | G2: Date To: | I2: 46297
A4: No. | B4: Date | C4: Time (Start–End) | D4: Activity Description | E4: Activity Type | F4: Client Code | G4: No. of Clients | H4: Duration (hrs) | I4: Notes / Observations
A5: 1 | B5: 46291 | C5: 0.375 | D5: Basic Counselling Skill by Dr Lynda -Session 4 | E5: Professional Development | H5: 4
A6: 2 | B6: 46292 | C6: 0.375 | D6: Basic Counselling Skill by Dr Lynda -Session 5 | E6: Professional Development | H6: 4
A7: 3
A8: 4
A9: 5
A10: 6
A11: 7
A12: 8
A13: 9
A14: 10
A15: 11
A16: 12
A17: 13
A18: 14
A19: 15
A21: WEEKLY HOUR COLLECTION
A22: Component | E22: Number of Sessions | F22: Number of Clients | G22: Total Hours
A23: Individual Counselling | E23: =COUNTIF($E$5:$E$19,"Individual Counselling") -> 0 | F23: =SUMIF($E$5:$E$19,"Individual Counselling",$G$5:$G$19) -> 0 | G23: =SUMIF($E$5:$E$19,"Individual Counselling",$H$5:$H$19) -> 0
A24: Group Counselling | E24: =COUNTIF($E$5:$E$19,"Group Counselling") -> 0 | F24: =SUMIF($E$5:$E$19,"Group Counselling",$G$5:$G$19) -> 0 | G24: =SUMIF($E$5:$E$19,"Group Counselling",$H$5:$H$19) -> 0
A25: Career / Family / Couple Counselling | E25: =COUNTIF($E$5:$E$19,"Career / Family / Couple Counselling") -> 0 | F25: =SUMIF($E$5:$E$19,"Career / Family / Couple Counselling",$G$5:$G$19) -> 0 | G25: =SUMIF($E$5:$E$19,"Career / Family / Couple Counselling",$H$5:$H$19) -> 0
A26: Professional Development | E26: =COUNTIF($E$5:$E$19,"Professional Development") -> 2 | F26: =SUMIF($E$5:$E$19,"Professional Development",$G$5:$G$19) -> 0 | G26: =SUMIF($E$5:$E$19,"Professional Development",$H$5:$H$19) -> 8
A27: Guidance Activities | E27: =COUNTIF($E$5:$E$19,"Guidance Activities") -> 0 | F27: =SUMIF($E$5:$E$19,"Guidance Activities",$G$5:$G$19) -> 0 | G27: =SUMIF($E$5:$E$19,"Guidance Activities",$H$5:$H$19) -> 0
A28: Supervision | E28: =COUNTIF($E$5:$E$19,"Supervision") -> 0 | F28: =SUMIF($E$5:$E$19,"Supervision",$G$5:$G$19) -> 0 | G28: =SUMIF($E$5:$E$19,"Supervision",$H$5:$H$19) -> 0
A29: Management and Administration | E29: =COUNTIF($E$5:$E$19,"Management and Administration") -> 0 | F29: =SUMIF($E$5:$E$19,"Management and Administration",$G$5:$G$19) -> 0 | G29: =SUMIF($E$5:$E$19,"Management and Administration",$H$5:$H$19) -> 0
A30: Face-to-Face Seminar | E30: =COUNTIF($E$5:$E$19,"Face-to-Face Seminar") -> 0 | F30: =SUMIF($E$5:$E$19,"Face-to-Face Seminar",$G$5:$G$19) -> 0 | G30: =SUMIF($E$5:$E$19,"Face-to-Face Seminar",$H$5:$H$19) -> 0
A31: TOTAL HOURS THIS WEEK | E31: =SUM(E23:E30) -> 2 | F31: =SUM(F23:F30) -> 0 | G31: =SUM(G23:G30) -> 8
A32: ↳ Direct Client Contact Hours | G32: =G23+G24+G25 -> 0
A33: ↳ Other Activities Hours | G33: =G31-G32 -> 8
A35: REFLECTION
A42: Trainee Counsellor's Signature: | F42: Academic Supervisor / Field Supervisor's Signature:
A43: Signature : | F43: Signature :
A45: Name : | F45: Name :
A47: Date : | F47: Date :

Sheet W04
A1: WEEK 4 — PRACTICUM TRAINING LOG (AMCP5103)
A2: Week No: | C2: 4 | D2: Date From: | F2: 46298 | G2: Date To: | I2: 46304
A4: No. | B4: Date | C4: Time (Start–End) | D4: Activity Description | E4: Activity Type | F4: Client Code | G4: No. of Clients | H4: Duration (hrs) | I4: Notes / Observations
A5: 1 | B5: 46298 | C5: 830 am | D5: AMCP Seminar 2 | E5: Face-to-Face Seminar | H5: 3
A6: 2 | B6: 46298 | C6: 2:00pm | D6: Basic Counselling Skill by Dr Lynda -Session 6 | E6: Professional Development | H6: 4
A7: 3
A8: 4
A9: 5
A10: 6
A11: 7
A12: 8
A13: 9
A14: 10
A15: 11
A16: 12
A17: 13
A18: 14
A19: 15
A21: WEEKLY HOUR COLLECTION
A22: Component | E22: Number of Sessions | F22: Number of Clients | G22: Total Hours
A23: Individual Counselling | E23: =COUNTIF($E$5:$E$19,"Individual Counselling") -> 0 | F23: =SUMIF($E$5:$E$19,"Individual Counselling",$G$5:$G$19) -> 0 | G23: =SUMIF($E$5:$E$19,"Individual Counselling",$H$5:$H$19) -> 0
A24: Group Counselling | E24: =COUNTIF($E$5:$E$19,"Group Counselling") -> 0 | F24: =SUMIF($E$5:$E$19,"Group Counselling",$G$5:$G$19) -> 0 | G24: =SUMIF($E$5:$E$19,"Group Counselling",$H$5:$H$19) -> 0
A25: Career / Family / Couple Counselling | E25: =COUNTIF($E$5:$E$19,"Career / Family / Couple Counselling") -> 0 | F25: =SUMIF($E$5:$E$19,"Career / Family / Couple Counselling",$G$5:$G$19) -> 0 | G25: =SUMIF($E$5:$E$19,"Career / Family / Couple Counselling",$H$5:$H$19) -> 0
A26: Professional Development | E26: =COUNTIF($E$5:$E$19,"Professional Development") -> 1 | F26: =SUMIF($E$5:$E$19,"Professional Development",$G$5:$G$19) -> 0 | G26: =SUMIF($E$5:$E$19,"Professional Development",$H$5:$H$19) -> 4
A27: Guidance Activities | E27: =COUNTIF($E$5:$E$19,"Guidance Activities") -> 0 | F27: =SUMIF($E$5:$E$19,"Guidance Activities",$G$5:$G$19) -> 0 | G27: =SUMIF($E$5:$E$19,"Guidance Activities",$H$5:$H$19) -> 0
A28: Supervision | E28: =COUNTIF($E$5:$E$19,"Supervision") -> 0 | F28: =SUMIF($E$5:$E$19,"Supervision",$G$5:$G$19) -> 0 | G28: =SUMIF($E$5:$E$19,"Supervision",$H$5:$H$19) -> 0
A29: Management and Administration | E29: =COUNTIF($E$5:$E$19,"Management and Administration") -> 0 | F29: =SUMIF($E$5:$E$19,"Management and Administration",$G$5:$G$19) -> 0 | G29: =SUMIF($E$5:$E$19,"Management and Administration",$H$5:$H$19) -> 0
A30: Face-to-Face Seminar | E30: =COUNTIF($E$5:$E$19,"Face-to-Face Seminar") -> 1 | F30: =SUMIF($E$5:$E$19,"Face-to-Face Seminar",$G$5:$G$19) -> 0 | G30: =SUMIF($E$5:$E$19,"Face-to-Face Seminar",$H$5:$H$19) -> 3
A31: TOTAL HOURS THIS WEEK | E31: =SUM(E23:E30) -> 2 | F31: =SUM(F23:F30) -> 0 | G31: =SUM(G23:G30) -> 7
A32: ↳ Direct Client Contact Hours | G32: =G23+G24+G25 -> 0
A33: ↳ Other Activities Hours | G33: =G31-G32 -> 7
A35: REFLECTION
A42: Trainee Counsellor's Signature: | F42: Academic Supervisor / Field Supervisor's Signature:
A43: Signature : | F43: Signature :
A45: Name : | F45: Name :
A47: Date : | F47: Date :

Sheet W05
A1: WEEK 5 — PRACTICUM TRAINING LOG (AMCP5103)
A2: Week No: | C2: 5 | D2: Date From: | F2: 46305 | G2: Date To: | I2: 46311
A4: No. | B4: Date | C4: Time (Start–End) | D4: Activity Description | E4: Activity Type | F4: Client Code | G4: No. of Clients | H4: Duration (hrs) | I4: Notes / Observations
A5: 1
A6: 2
A7: 3
A8: 4
A9: 5
A10: 6
A11: 7
A12: 8
A13: 9
A14: 10
A15: 11
A16: 12
... A19: 15
A21: WEEKLY HOUR COLLECTION
A22: Component | E22: Number of Sessions | F22: Number of Clients | G22: Total Hours
A23: Individual Counselling | E23: =COUNTIF($E$5:$E$19,"Individual Counselling") -> 0 | F23: =SUMIF($E$5:$E$19,"Individual Counselling",$G$5:$G$19) -> 0 | G23: =SUMIF($E$5:$E$19,"Individual Counselling",$H$5:$H$19) -> 0
A24: Group Counselling | E24: =COUNTIF($E$5:$E$19,"Group Counselling") -> 0 | F24: =SUMIF($E$5:$E$19,"Group Counselling",$G$5:$G$19) -> 0 | G24: =SUMIF($E$5:$E$19,"Group Counselling",$H$5:$H$19) -> 0
A25: Career / Family / Couple Counselling | E25: =COUNTIF($E$5:$E$19,"Career / Family / Couple Counselling") -> 0 | F25: =SUMIF($E$5:$E$19,"Career / Family / Couple Counselling",$G$5:$G$19) -> 0 | G25: =SUMIF($E$5:$E$19,"Career / Family / Couple Counselling",$H$5:$H$19) -> 0
A26: Professional Development | E26: =COUNTIF($E$5:$E$19,"Professional Development") -> 0 | F26: =SUMIF($E$5:$E$19,"Professional Development",$G$5:$G$19) -> 0 | G26: =SUMIF($E$5:$E$19,"Professional Development",$H$5:$H$19) -> 0
A27: Guidance Activities | E27: =COUNTIF($E$5:$E$19,"Guidance Activities") -> 0 | F27: =SUMIF($E$5:$E$19,"Guidance Activities",$G$5:$G$19) -> 0 | G27: =SUMIF($E$5:$E$19,"Guidance Activities",$H$5:$H$19) -> 0
A28: Supervision | E28: =COUNTIF($E$5:$E$19,"Supervision") -> 0 | F28: =SUMIF($E$5:$E$19,"Supervision",$G$5:$G$19) -> 0 | G28: =SUMIF($E$5:$E$19,"Supervision",$H$5:$H$19) -> 0
A29: Management and Administration | E29: =COUNTIF($E$5:$E$19,"Management and Administration") -> 0 | F29: =SUMIF($E$5:$E$19,"Management and Administration",$G$5:$G$19) -> 0 | G29: =SUMIF($E$5:$E$19,"Management and Administration",$H$5:$H$19) -> 0
A30: Face-to-Face Seminar | E30: =COUNTIF($E$5:$E$19,"Face-to-Face Seminar") -> 0 | F30: =SUMIF($E$5:$E$19,"Face-to-Face Seminar",$G$5:$G$19) -> 0 | G30: =SUMIF($E$5:$E$19,"Face-to-Face Seminar",$H$5:$H$19) -> 0
A31: TOTAL HOURS THIS WEEK | E31: =SUM(E23:E30) -> 0 | F31: =SUM(F23:F30) -> 0 | G31: =SUM(G23:G30) -> 0
A32: ↳ Direct Client Contact Hours | G32: =G23+G24+G25 -> 0
A33: ↳ Other Activities Hours | G33: =G31-G32 -> 0
A35: REFLECTION
A42: Trainee Counsellor's Signature: | F42: Academic Supervisor / Field Supervisor's Signature:
A43: Signature : | F43: Signature :
A45: Name : | F45: Name :
A47: Date : | F47: Date :

Sheet W06
A1: WEEK 6 — PRACTICUM TRAINING LOG (AMCP5103)
A2: Week No: | C2: 6 | D2: Date From: | F2: 46312 | G2: Date To: | I2: 46318
A4: No. | B4: Date | C4: Time (Start–End) | D4: Activity Description | E4: Activity Type | F4: Client Code | G4: No. of Clients | H4: Duration (hrs) | I4: Notes / Observations
A5: 1 | B5: 46312 | C5: 8:30am | D5: AMCP Seminar 3 | E5: Face-to-Face Seminar | H5: 3
A6: 2
A7: 3
A8: 4
A9: 5
A10: 6
A11: 7
A12: 8
A13: 9
A14: 10
A15: 11
A16: 12
A17: 13
... A19: 15
A21: WEEKLY HOUR COLLECTION
A22: Component | E22: Number of Sessions | F22: Number of Clients | G22: Total Hours
A23: Individual Counselling | E23: =COUNTIF($E$5:$E$19,"Individual Counselling") -> 0 | F23: =SUMIF($E$5:$E$19,"Individual Counselling",$G$5:$G$19) -> 0 | G23: =SUMIF($E$5:$E$19,"Individual Counselling",$H$5:$H$19) -> 0
A24: Group Counselling | E24: =COUNTIF($E$5:$E$19,"Group Counselling") -> 0 | F24: =SUMIF($E$5:$E$19,"Group Counselling",$G$5:$G$19) -> 0 | G24: =SUMIF($E$5:$E$19,"Group Counselling",$H$5:$H$19) -> 0
A25: Career / Family / Couple Counselling | E25: =COUNTIF($E$5:$E$19,"Career / Family / Couple Counselling") -> 0 | F25: =SUMIF($E$5:$E$19,"Career / Family / Couple Counselling",$G$5:$G$19) -> 0 | G25: =SUMIF($E$5:$E$19,"Career / Family / Couple Counselling",$H$5:$H$19) -> 0
A26: Professional Development | E26: =COUNTIF($E$5:$E$19,"Professional Development") -> 0 | F26: =SUMIF($E$5:$E$19,"Professional Development",$G$5:$G$19) -> 0 | G26: =SUMIF($E$5:$E$19,"Professional Development",$H$5:$H$19) -> 0
A27: Guidance Activities | E27: =COUNTIF($E$5:$E$19,"Guidance Activities") -> 0 | F27: =SUMIF($E$5:$E$19,"Guidance Activities",$G$5:$G$19) -> 0 | G27: =SUMIF($E$5:$E$19,"Guidance Activities",$H$5:$H$19) -> 0
A28: Supervision | E28: =COUNTIF($E$5:$E$19,"Supervision") -> 0 | F28: =SUMIF($E$5:$E$19,"Supervision",$G$5:$G$19) -> 0 | G28: =SUMIF($E$5:$E$19,"Supervision",$H$5:$H$19) -> 0
A29: Management and Administration | E29: =COUNTIF($E$5:$E$19,"Management and Administration") -> 0 | F29: =SUMIF($E$5:$E$19,"Management and Administration",$G$5:$G$19) -> 0 | G29: =SUMIF($E$5:$E$19,"Management and Administration",$H$5:$H$19) -> 0
A30: Face-to-Face Seminar | E30: =COUNTIF($E$5:$E$19,"Face-to-Face Seminar") -> 1 | F30: =SUMIF($E$5:$E$19,"Face-to-Face Seminar",$G$5:$G$19) -> 0 | G30: =SUMIF($E$5:$E$19,"Face-to-Face Seminar",$H$5:$H$19) -> 3
A31: TOTAL HOURS THIS WEEK | E31: =SUM(E23:E30) -> 1 | F31: =SUM(F23:F30) -> 0 | G31: =SUM(G23:G30) -> 3
A32: ↳ Direct Client Contact Hours | G32: =G23+G24+G25 -> 0
A33: ↳ Other Activities Hours | G33: =G31-G32 -> 3
A35: REFLECTION
A42: Trainee Counsellor's Signature: | F42: Academic Supervisor / Field Supervisor's Signature:
A43: Signature : | F43: Signature :
A45: Name : | F45: Name :
A47: Date : | F47: Date :

Sheet W07
A1: WEEK 7 — PRACTICUM TRAINING LOG (AMCP5103)
A2: Week No: | C2: 7 | D2: Date From: | F2: 46319 | G2: Date To: | I2: 46325
A4: No. | B4: Date | C4: Time (Start–End) | D4: Activity Description | E4: Activity Type | F4: Client Code | G4: No. of Clients | H4: Duration (hrs) | I4: Notes / Observations
A5: 1
A6: 2
A7: 3
A8: 4
A9: 5
A10: 6
A11: 7
A12: 8
A13: 9
A14: 10
A15: 11
A16: 12
... A19: 15
A21: WEEKLY HOUR COLLECTION
A22: Component | E22: Number of Sessions | F22: Number of Clients | G22: Total Hours
A23: Individual Counselling | E23: =COUNTIF($E$5:$E$19,"Individual Counselling") -> 0 | F23: =SUMIF($E$5:$E$19,"Individual Counselling",$G$5:$G$19) -> 0 | G23: =SUMIF($E$5:$E$19,"Individual Counselling",$H$5:$H$19) -> 0
A24: Group Counselling | E24: =COUNTIF($E$5:$E$19,"Group Counselling") -> 0 | F24: =SUMIF($E$5:$E$19,"Group Counselling",$G$5:$G$19) -> 0 | G24: =SUMIF($E$5:$E$19,"Group Counselling",$H$5:$H$19) -> 0
A25: Career / Family / Couple Counselling | E25: =COUNTIF($E$5:$E$19,"Career / Family / Couple Counselling") -> 0 | F25: =SUMIF($E$5:$E$19,"Career / Family / Couple Counselling",$G$5:$G$19) -> 0 | G25: =SUMIF($E$5:$E$19,"Career / Family / Couple Counselling",$H$5:$H$19) -> 0
A26: Professional Development | E26: =COUNTIF($E$5:$E$19,"Professional Development") -> 0 | F26: =SUMIF($E$5:$E$19,"Professional Development",$G$5:$G$19) -> 0 | G26: =SUMIF($E$5:$E$19,"Professional Development",$H$5:$H$19) -> 0
A27: Guidance Activities | E27: =COUNTIF($E$5:$E$19,"Guidance Activities") -> 0 | F27: =SUMIF($E$5:$E$19,"Guidance Activities",$G$5:$G$19) -> 0 | G27: =SUMIF($E$5:$E$19,"Guidance Activities",$H$5:$H$19) -> 0
A28: Supervision | E28: =COUNTIF($E$5:$E$19,"Supervision") -> 0 | F28: =SUMIF($E$5:$E$19,"Supervision",$G$5:$G$19) -> 0 | G28: =SUMIF($E$5:$E$19,"Supervision",$H$5:$H$19) -> 0
A29: Management and Administration | E29: =COUNTIF($E$5:$E$19,"Management and Administration") -> 0 | F29: =SUMIF($E$5:$E$19,"Management and Administration",$G$5:$G$19) -> 0 | G29: =SUMIF($E$5:$E$19,"Management and Administration",$H$5:$H$19) -> 0
A30: Face-to-Face Seminar | E30: =COUNTIF($E$5:$E$19,"Face-to-Face Seminar") -> 0 | F30: =SUMIF($E$5:$E$19,"Face-to-Face Seminar",$G$5:$G$19) -> 0 | G30: =SUMIF($E$5:$E$19,"Face-to-Face Seminar",$H$5:$H$19) -> 0
A31: TOTAL HOURS THIS WEEK | E31: =SUM(E23:E30) -> 0 | F31: =SUM(F23:F30) -> 0 | G31: =SUM(G23:G30) -> 0
A32: ↳ Direct Client Contact Hours | G32: =G23+G24+G25 -> 0
A33: ↳ Other Activities Hours | G33: =G31-G32 -> 0
A35: REFLECTION
A42: Trainee Counsellor's Signature: | F42: Academic Supervisor / Field Supervisor's Signature:
A43: Signature : | F43: Signature :
A45: Name : | F45: Name :
A47: Date : | F47: Date :

Sheet W08
A1: WEEK 8 — PRACTICUM TRAINING LOG (AMCP5103)
A2: Week No: | C2: 8 | D2: Date From: | F2: 46326 | G2: Date To: | I2: 46332
A4: No. | B4: Date | C4: Time (Start–End) | D4: Activity Description | E4: Activity Type | F4: Client Code | G4: No. of Clients | H4: Duration (hrs) | I4: Notes / Observations
A5: 1 | B5: 46326 | C5: 8:30am | D5: AMCP Seminar 4 | E5: Face-to-Face Seminar | H5: 3
A6: 2
A7: 3
A8: 4
A9: 5
A10: 6
A11: 7
A12: 8
A13: 9
A14: 10
A15: 11
A16: 12
A17: 13
... A19: 15
A21: WEEKLY HOUR COLLECTION
A22: Component | E22: Number of Sessions | F22: Number of Clients | G22: Total Hours
A23: Individual Counselling | E23: =COUNTIF($E$5:$E$19,"Individual Counselling") -> 0 | F23: =SUMIF($E$5:$E$19,"Individual Counselling",$G$5:$G$19) -> 0 | G23: =SUMIF($E$5:$E$19,"Individual Counselling",$H$5:$H$19) -> 0
A24: Group Counselling | E24: =COUNTIF($E$5:$E$19,"Group Counselling") -> 0 | F24: =SUMIF($E$5:$E$19,"Group Counselling",$G$5:$G$19) -> 0 | G24: =SUMIF($E$5:$E$19,"Group Counselling",$H$5:$H$19) -> 0
A25: Career / Family / Couple Counselling | E25: =COUNTIF($E$5:$E$19,"Career / Family / Couple Counselling") -> 0 | F25: =SUMIF($E$5:$E$19,"Career / Family / Couple Counselling",$G$5:$G$19) -> 0 | G25: =SUMIF($E$5:$E$19,"Career / Family / Couple Counselling",$H$5:$H$19) -> 0
A26: Professional Development | E26: =COUNTIF($E$5:$E$19,"Professional Development") -> 0 | F26: =SUMIF($E$5:$E$19,"Professional Development",$G$5:$G$19) -> 0 | G26: =SUMIF($E$5:$E$19,"Professional Development",$H$5:$H$19) -> 0
A27: Guidance Activities | E27: =COUNTIF($E$5:$E$19,"Guidance Activities") -> 0 | F27: =SUMIF($E$5:$E$19,"Guidance Activities",$G$5:$G$19) -> 0 | G27: =SUMIF($E$5:$E$19,"Guidance Activities",$H$5:$H$19) -> 0
A28: Supervision | E28: =COUNTIF($E$5:$E$19,"Supervision") -> 0 | F28: =SUMIF($E$5:$E$19,"Supervision",$G$5:$G$19) -> 0 | G28: =SUMIF($E$5:$E$19,"Supervision",$H$5:$H$19) -> 0
A29: Management and Administration | E29: =COUNTIF($E$5:$E$19,"Management and Administration") -> 0 | F29: =SUMIF($E$5:$E$19,"Management and Administration",$G$5:$G$19) -> 0 | G29: =SUMIF($E$5:$E$19,"Management and Administration",$H$5:$H$19) -> 0
A30: Face-to-Face Seminar | E30: =COUNTIF($E$5:$E$19,"Face-to-Face Seminar") -> 1 | F30: =SUMIF($E$5:$E$19,"Face-to-Face Seminar",$G$5:$G$19) -> 0 | G30: =SUMIF($E$5:$E$19,"Face-to-Face Seminar",$H$5:$H$19) -> 3
A31: TOTAL HOURS THIS WEEK | E31: =SUM(E23:E30) -> 1 | F31: =SUM(F23:F30) -> 0 | G31: =SUM(G23:G30) -> 3
A32: ↳ Direct Client Contact Hours | G32: =G23+G24+G25 -> 0
A33: ↳ Other Activities Hours | G33: =G31-G32 -> 3
A35: REFLECTION
A42: Trainee Counsellor's Signature: | F42: Academic Supervisor / Field Supervisor's Signature:
A43: Signature : | F43: Signature :
A45: Name : | F45: Name :
A47: Date : | F47: Date :

Sheet W09
A1: WEEK 9 — PRACTICUM TRAINING LOG (AMCP5103)
A2: Week No: | C2: 9 | D2: Date From: | F2: 46333 | G2: Date To: | I2: 46339
A4: No. | B4: Date | C4: Time (Start–End) | D4: Activity Description | E4: Activity Type | F4: Client Code | G4: No. of Clients | H4: Duration (hrs) | I4: Notes / Observations
A5: 1
A6: 2
A7: 3
A8: 4
A9: 5
A10: 6
A11: 7
A12: 8
A13: 9
A14: 10
A15: 11
A16: 12
... A19: 15
A21: WEEKLY HOUR COLLECTION
A22: Component | E22: Number of Sessions | F22: Number of Clients | G22: Total Hours
A23: Individual Counselling | E23: =COUNTIF($E$5:$E$19,"Individual Counselling") -> 0 | F23: =SUMIF($E$5:$E$19,"Individual Counselling",$G$5:$G$19) -> 0 | G23: =SUMIF($E$5:$E$19,"Individual Counselling",$H$5:$H$19) -> 0
A24: Group Counselling | E24: =COUNTIF($E$5:$E$19,"Group Counselling") -> 0 | F24: =SUMIF($E$5:$E$19,"Group Counselling",$G$5:$G$19) -> 0 | G24: =SUMIF($E$5:$E$19,"Group Counselling",$H$5:$H$19) -> 0
A25: Career / Family / Couple Counselling | E25: =COUNTIF($E$5:$E$19,"Career / Family / Couple Counselling") -> 0 | F25: =SUMIF($E$5:$E$19,"Career / Family / Couple Counselling",$G$5:$G$19) -> 0 | G25: =SUMIF($E$5:$E$19,"Career / Family / Couple Counselling",$H$5:$H$19) -> 0
A26: Professional Development | E26: =COUNTIF($E$5:$E$19,"Professional Development") -> 0 | F26: =SUMIF($E$5:$E$19,"Professional Development",$G$5:$G$19) -> 0 | G26: =SUMIF($E$5:$E$19,"Professional Development",$H$5:$H$19) -> 0
A27: Guidance Activities | E27: =COUNTIF($E$5:$E$19,"Guidance Activities") -> 0 | F27: =SUMIF($E$5:$E$19,"Guidance Activities",$G$5:$G$19) -> 0 | G27: =SUMIF($E$5:$E$19,"Guidance Activities",$H$5:$H$19) -> 0
A28: Supervision | E28: =COUNTIF($E$5:$E$19,"Supervision") -> 0 | F28: =SUMIF($E$5:$E$19,"Supervision",$G$5:$G$19) -> 0 | G28: =SUMIF($E$5:$E$19,"Supervision",$H$5:$H$19) -> 0
A29: Management and Administration | E29: =COUNTIF($E$5:$E$19,"Management and Administration") -> 0 | F29: =SUMIF($E$5:$E$19,"Management and Administration",$G$5:$G$19) -> 0 | G29: =SUMIF($E$5:$E$19,"Management and Administration",$H$5:$H$19) -> 0
A30: Face-to-Face Seminar | E30: =COUNTIF($E$5:$E$19,"Face-to-Face Seminar") -> 0 | F30: =SUMIF($E$5:$E$19,"Face-to-Face Seminar",$G$5:$G$19) -> 0 | G30: =SUMIF($E$5:$E$19,"Face-to-Face Seminar",$H$5:$H$19) -> 0
A31: TOTAL HOURS THIS WEEK | E31: =SUM(E23:E30) -> 0 | F31: =SUM(F23:F30) -> 0 | G31: =SUM(G23:G30) -> 0
A32: ↳ Direct Client Contact Hours | G32: =G23+G24+G25 -> 0
A33: ↳ Other Activities Hours | G33: =G31-G32 -> 0
A35: REFLECTION
A42: Trainee Counsellor's Signature: | F42: Academic Supervisor / Field Supervisor's Signature:
A43: Signature : | F43: Signature :
A45: Name : | F45: Name :
A47: Date : | F47: Date :

Sheet W10
A1: WEEK 10 — PRACTICUM TRAINING LOG (AMCP5103)
A2: Week No: | C2: 10 | D2: Date From: | F2: 46340 | G2: Date To: | I2: 46346
A4: No. | B4: Date | C4: Time (Start–End) | D4: Activity Description | E4: Activity Type | F4: Client Code | G4: No. of Clients | H4: Duration (hrs) | I4: Notes / Observations
A5: 1
A6: 2
A7: 3
A8: 4
A9: 5
A10: 6
A11: 7
A12: 8
A13: 9
A14: 10
A15: 11
A16: 12
... A19: 15
A21: WEEKLY HOUR COLLECTION
A22: Component | E22: Number of Sessions | F22: Number of Clients | G22: Total Hours
A23: Individual Counselling | E23: =COUNTIF($E$5:$E$19,"Individual Counselling") -> 0 | F23: =SUMIF($E$5:$E$19,"Individual Counselling",$G$5:$G$19) -> 0 | G23: =SUMIF($E$5:$E$19,"Individual Counselling",$H$5:$H$19) -> 0
A24: Group Counselling | E24: =COUNTIF($E$5:$E$19,"Group Counselling") -> 0 | F24: =SUMIF($E$5:$E$19,"Group Counselling",$G$5:$G$19) -> 0 | G24: =SUMIF($E$5:$E$19,"Group Counselling",$H$5:$H$19) -> 0
A25: Career / Family / Couple Counselling | E25: =COUNTIF($E$5:$E$19,"Career / Family / Couple Counselling") -> 0 | F25: =SUMIF($E$5:$E$19,"Career / Family / Couple Counselling",$G$5:$G$19) -> 0 | G25: =SUMIF($E$5:$E$19,"Career / Family / Couple Counselling",$H$5:$H$19) -> 0
A26: Professional Development | E26: =COUNTIF($E$5:$E$19,"Professional Development") -> 0 | F26: =SUMIF($E$5:$E$19,"Professional Development",$G$5:$G$19) -> 0 | G26: =SUMIF($E$5:$E$19,"Professional Development",$H$5:$H$19) -> 0
A27: Guidance Activities | E27: =COUNTIF($E$5:$E$19,"Guidance Activities") -> 0 | F27: =SUMIF($E$5:$E$19,"Guidance Activities",$G$5:$G$19) -> 0 | G27: =SUMIF($E$5:$E$19,"Guidance Activities",$H$5:$H$19) -> 0
A28: Supervision | E28: =COUNTIF($E$5:$E$19,"Supervision") -> 0 | F28: =SUMIF($E$5:$E$19,"Supervision",$G$5:$G$19) -> 0 | G28: =SUMIF($E$5:$E$19,"Supervision",$H$5:$H$19) -> 0
A29: Management and Administration | E29: =COUNTIF($E$5:$E$19,"Management and Administration") -> 0 | F29: =SUMIF($E$5:$E$19,"Management and Administration",$G$5:$G$19) -> 0 | G29: =SUMIF($E$5:$E$19,"Management and Administration",$H$5:$H$19) -> 0
A30: Face-to-Face Seminar | E30: =COUNTIF($E$5:$E$19,"Face-to-Face Seminar") -> 0 | F30: =SUMIF($E$5:$E$19,"Face-to-Face Seminar",$G$5:$G$19) -> 0 | G30: =SUMIF($E$5:$E$19,"Face-to-Face Seminar",$H$5:$H$19) -> 0
A31: TOTAL HOURS THIS WEEK | E31: =SUM(E23:E30) -> 0 | F31: =SUM(F23:F30) -> 0 | G31: =SUM(G23:G30) -> 0
A32: ↳ Direct Client Contact Hours | G32: =G23+G24+G25 -> 0
A33: ↳ Other Activities Hours | G33: =G31-G32 -> 0
A35: REFLECTION
A42: Trainee Counsellor's Signature: | F42: Academic Supervisor / Field Supervisor's Signature:
A43: Signature : | F43: Signature :
A45: Name : | F45: Name :
A47: Date : | F47: Date :

Sheet W11
A1: WEEK 11 — PRACTICUM TRAINING LOG (AMCP5103)
A2: Week No: | C2: 11 | D2: Date From: | F2: 46347 | G2: Date To: | I2: 46353
A4: No. | B4: Date | C4: Time (Start–End) | D4: Activity Description | E4: Activity Type | F4: Client Code | G4: No. of Clients | H4: Duration (hrs) | I4: Notes / Observations
A5: 1 | B5: 46347 | C5: 8:30am | D5: AMCP Seminar 5 | E5: Face-to-Face Seminar | H5: 3
A6: 2
A7: 3
A8: 4
A9: 5
A10: 6
A11: 7
A12: 8
A13: 9
A14: 10
A15: 11
A16: 12
A17: 13
... A19: 15
A21: WEEKLY HOUR COLLECTION
A22: Component | E22: Number of Sessions | F22: Number of Clients | G22: Total Hours
A23: Individual Counselling | E23: =COUNTIF($E$5:$E$19,"Individual Counselling") -> 0 | F23: =SUMIF($E$5:$E$19,"Individual Counselling",$G$5:$G$19) -> 0 | G23: =SUMIF($E$5:$E$19,"Individual Counselling",$H$5:$H$19) -> 0
A24: Group Counselling | E24: =COUNTIF($E$5:$E$19,"Group Counselling") -> 0 | F24: =SUMIF($E$5:$E$19,"Group Counselling",$G$5:$G$19) -> 0 | G24: =SUMIF($E$5:$E$19,"Group Counselling",$H$5:$H$19) -> 0
A25: Career / Family / Couple Counselling | E25: =COUNTIF($E$5:$E$19,"Career / Family / Couple Counselling") -> 0 | F25: =SUMIF($E$5:$E$19,"Career / Family / Couple Counselling",$G$5:$G$19) -> 0 | G25: =SUMIF($E$5:$E$19,"Career / Family / Couple Counselling",$H$5:$H$19) -> 0
A26: Professional Development | E26: =COUNTIF($E$5:$E$19,"Professional Development") -> 0 | F26: =SUMIF($E$5:$E$19,"Professional Development",$G$5:$G$19) -> 0 | G26: =SUMIF($E$5:$E$19,"Professional Development",$H$5:$H$19) -> 0
A27: Guidance Activities | E27: =COUNTIF($E$5:$E$19,"Guidance Activities") -> 0 | F27: =SUMIF($E$5:$E$19,"Guidance Activities",$G$5:$G$19) -> 0 | G27: =SUMIF($E$5:$E$19,"Guidance Activities",$H$5:$H$19) -> 0
A28: Supervision | E28: =COUNTIF($E$5:$E$19,"Supervision") -> 0 | F28: =SUMIF($E$5:$E$19,"Supervision",$G$5:$G$19) -> 0 | G28: =SUMIF($E$5:$E$19,"Supervision",$H$5:$H$19) -> 0
A29: Management and Administration | E29: =COUNTIF($E$5:$E$19,"Management and Administration") -> 0 | F29: =SUMIF($E$5:$E$19,"Management and Administration",$G$5:$G$19) -> 0 | G29: =SUMIF($E$5:$E$19,"Management and Administration",$H$5:$H$19) -> 0
A30: Face-to-Face Seminar | E30: =COUNTIF($E$5:$E$19,"Face-to-Face Seminar") -> 1 | F30: =SUMIF($E$5:$E$19,"Face-to-Face Seminar",$G$5:$G$19) -> 0 | G30: =SUMIF($E$5:$E$19,"Face-to-Face Seminar",$H$5:$H$19) -> 3
A31: TOTAL HOURS THIS WEEK | E31: =SUM(E23:E30) -> 1 | F31: =SUM(F23:F30) -> 0 | G31: =SUM(G23:G30) -> 3
A32: ↳ Direct Client Contact Hours | G32: =G23+G24+G25 -> 0
A33: ↳ Other Activities Hours | G33: =G31-G32 -> 3
A35: REFLECTION
A42: Trainee Counsellor's Signature: | F42: Academic Supervisor / Field Supervisor's Signature:
A43: Signature : | F43: Signature :
A45: Name : | F45: Name :
A47: Date : | F47: Date :

Sheet W12
A1: WEEK 12 — PRACTICUM TRAINING LOG (AMCP5103)
A2: Week No: | C2: 12 | D2: Date From: | F2: 46354 | G2: Date To: | I2: 46360
A4: No. | B4: Date | C4: Time (Start–End) | D4: Activity Description | E4: Activity Type | F4: Client Code | G4: No. of Clients | H4: Duration (hrs) | I4: Notes / Observations
A5: 1
A6: 2
A7: 3
A8: 4
A9: 5
A10: 6
A11: 7
A12: 8
A13: 9
A14: 10
A15: 11
A16: 12
... A19: 15
A21: WEEKLY HOUR COLLECTION
A22: Component | E22: Number of Sessions | F22: Number of Clients | G22: Total Hours
A23: Individual Counselling | E23: =COUNTIF($E$5:$E$19,"Individual Counselling") -> 0 | F23: =SUMIF($E$5:$E$19,"Individual Counselling",$G$5:$G$19) -> 0 | G23: =SUMIF($E$5:$E$19,"Individual Counselling",$H$5:$H$19) -> 0
A24: Group Counselling | E24: =COUNTIF($E$5:$E$19,"Group Counselling") -> 0 | F24: =SUMIF($E$5:$E$19,"Group Counselling",$G$5:$G$19) -> 0 | G24: =SUMIF($E$5:$E$19,"Group Counselling",$H$5:$H$19) -> 0
A25: Career / Family / Couple Counselling | E25: =COUNTIF($E$5:$E$19,"Career / Family / Couple Counselling") -> 0 | F25: =SUMIF($E$5:$E$19,"Career / Family / Couple Counselling",$G$5:$G$19) -> 0 | G25: =SUMIF($E$5:$E$19,"Career / Family / Couple Counselling",$H$5:$H$19) -> 0
A26: Professional Development | E26: =COUNTIF($E$5:$E$19,"Professional Development") -> 0 | F26: =SUMIF($E$5:$E$19,"Professional Development",$G$5:$G$19) -> 0 | G26: =SUMIF($E$5:$E$19,"Professional Development",$H$5:$H$19) -> 0
A27: Guidance Activities | E27: =COUNTIF($E$5:$E$19,"Guidance Activities") -> 0 | F27: =SUMIF($E$5:$E$19,"Guidance Activities",$G$5:$G$19) -> 0 | G27: =SUMIF($E$5:$E$19,"Guidance Activities",$H$5:$H$19) -> 0
A28: Supervision | E28: =COUNTIF($E$5:$E$19,"Supervision") -> 0 | F28: =SUMIF($E$5:$E$19,"Supervision",$G$5:$G$19) -> 0 | G28: =SUMIF($E$5:$E$19,"Supervision",$H$5:$H$19) -> 0
A29: Management and Administration | E29: =COUNTIF($E$5:$E$19,"Management and Administration") -> 0 | F29: =SUMIF($E$5:$E$19,"Management and Administration",$G$5:$G$19) -> 0 | G29: =SUMIF($E$5:$E$19,"Management and Administration",$H$5:$H$19) -> 0
A30: Face-to-Face Seminar | E30: =COUNTIF($E$5:$E$19,"Face-to-Face Seminar") -> 0 | F30: =SUMIF($E$5:$E$19,"Face-to-Face Seminar",$G$5:$G$19) -> 0 | G30: =SUMIF($E$5:$E$19,"Face-to-Face Seminar",$H$5:$H$19) -> 0
A31: TOTAL HOURS THIS WEEK | E31: =SUM(E23:E30) -> 0 | F31: =SUM(F23:F30) -> 0 | G31: =SUM(G23:G30) -> 0
A32: ↳ Direct Client Contact Hours | G32: =G23+G24+G25 -> 0
A33: ↳ Other Activities Hours | G33: =G31-G32 -> 0
A35: REFLECTION
A42: Trainee Counsellor's Signature: | F42: Academic Supervisor / Field Supervisor's Signature:
A43: Signature : | F43: Signature :
A45: Name : | F45: Name :
A47: Date : | F47: Date :

Sheet W13
A1: WEEK 13 — PRACTICUM TRAINING LOG (AMCP5103)
A2: Week No: | C2: 13 | D2: Date From: | F2: 46361 | G2: Date To: | I2: 46367
A4: No. | B4: Date | C4: Time (Start–End) | D4: Activity Description | E4: Activity Type | F4: Client Code | G4: No. of Clients | H4: Duration (hrs) | I4: Notes / Observations
A5: 1
A6: 2
A7: 3
A8: 4
A9: 5
A10: 6
A11: 7
A12: 8
A13: 9
A14: 10
A15: 11
A16: 12
... A19: 15
A21: WEEKLY HOUR COLLECTION
A22: Component | E22: Number of Sessions | F22: Number of Clients | G22: Total Hours
A23: Individual Counselling | E23: =COUNTIF($E$5:$E$19,"Individual Counselling") -> 0 | F23: =SUMIF($E$5:$E$19,"Individual Counselling",$G$5:$G$19) -> 0 | G23: =SUMIF($E$5:$E$19,"Individual Counselling",$H$5:$H$19) -> 0
A24: Group Counselling | E24: =COUNTIF($E$5:$E$19,"Group Counselling") -> 0 | F24: =SUMIF($E$5:$E$19,"Group Counselling",$G$5:$G$19) -> 0 | G24: =SUMIF($E$5:$E$19,"Group Counselling",$H$5:$H$19) -> 0
A25: Career / Family / Couple Counselling | E25: =COUNTIF($E$5:$E$19,"Career / Family / Couple Counselling") -> 0 | F25: =SUMIF($E$5:$E$19,"Career / Family / Couple Counselling",$G$5:$G$19) -> 0 | G25: =SUMIF($E$5:$E$19,"Career / Family / Couple Counselling",$H$5:$H$19) -> 0
A26: Professional Development | E26: =COUNTIF($E$5:$E$19,"Professional Development") -> 0 | F26: =SUMIF($E$5:$E$19,"Professional Development",$G$5:$G$19) -> 0 | G26: =SUMIF($E$5:$E$19,"Professional Development",$H$5:$H$19) -> 0
A27: Guidance Activities | E27: =COUNTIF($E$5:$E$19,"Guidance Activities") -> 0 | F27: =SUMIF($E$5:$E$19,"Guidance Activities",$G$5:$G$19) -> 0 | G27: =SUMIF($E$5:$E$19,"Guidance Activities",$H$5:$H$19) -> 0
A28: Supervision | E28: =COUNTIF($E$5:$E$19,"Supervision") -> 0 | F28: =SUMIF($E$5:$E$19,"Supervision",$G$5:$G$19) -> 0 | G28: =SUMIF($E$5:$E$19,"Supervision",$H$5:$H$19) -> 0
A29: Management and Administration | E29: =COUNTIF($E$5:$E$19,"Management and Administration") -> 0 | F29: =SUMIF($E$5:$E$19,"Management and Administration",$G$5:$G$19) -> 0 | G29: =SUMIF($E$5:$E$19,"Management and Administration",$H$5:$H$19) -> 0
A30: Face-to-Face Seminar | E30: =COUNTIF($E$5:$E$19,"Face-to-Face Seminar") -> 0 | F30: =SUMIF($E$5:$E$19,"Face-to-Face Seminar",$G$5:$G$19) -> 0 | G30: =SUMIF($E$5:$E$19,"Face-to-Face Seminar",$H$5:$H$19) -> 0
A31: TOTAL HOURS THIS WEEK | E31: =SUM(E23:E30) -> 0 | F31: =SUM(F23:F30) -> 0 | G31: =SUM(G23:G30) -> 0
A32: ↳ Direct Client Contact Hours | G32: =G23+G24+G25 -> 0
A33: ↳ Other Activities Hours | G33: =G31-G32 -> 0
A35: REFLECTION
A42: Trainee Counsellor's Signature: | F42: Academic Supervisor / Field Supervisor's Signature:
A43: Signature : | F43: Signature :
A45: Name : | F45: Name :
A47: Date : | F47: Date :

Sheet W14
A1: WEEK 14 — PRACTICUM TRAINING LOG (AMCP5103)
A2: Week No: | C2: 14 | D2: Date From: | F2: 46368 | G2: Date To: | I2: 46374
A4: No. | B4: Date | C4: Time (Start–End) | D4: Activity Description | E4: Activity Type | F4: Client Code | G4: No. of Clients | H4: Duration (hrs) | I4: Notes / Observations
A5: 1
A6: 2
A7: 3
A8: 4
A9: 5
A10: 6
A11: 7
A12: 8
A13: 9
A14: 10
A15: 11
A16: 12
... A19: 15
A21: WEEKLY HOUR COLLECTION
A22: Component | E22: Number of Sessions | F22: Number of Clients | G22: Total Hours
A23: Individual Counselling | E23: =COUNTIF($E$5:$E$19,"Individual Counselling") -> 0 | F23: =SUMIF($E$5:$E$19,"Individual Counselling",$G$5:$G$19) -> 0 | G23: =SUMIF($E$5:$E$19,"Individual Counselling",$H$5:$H$19) -> 0
A24: Group Counselling | E24: =COUNTIF($E$5:$E$19,"Group Counselling") -> 0 | F24: =SUMIF($E$5:$E$19,"Group Counselling",$G$5:$G$19) -> 0 | G24: =SUMIF($E$5:$E$19,"Group Counselling",$H$5:$H$19) -> 0
A25: Career / Family / Couple Counselling | E25: =COUNTIF($E$5:$E$19,"Career / Family / Couple Counselling") -> 0 | F25: =SUMIF($E$5:$E$19,"Career / Family / Couple Counselling",$G$5:$G$19) -> 0 | G25: =SUMIF($E$5:$E$19,"Career / Family / Couple Counselling",$H$5:$H$19) -> 0
A26: Professional Development | E26: =COUNTIF($E$5:$E$19,"Professional Development") -> 0 | F26: =SUMIF($E$5:$E$19,"Professional Development",$G$5:$G$19) -> 0 | G26: =SUMIF($E$5:$E$19,"Professional Development",$H$5:$H$19) -> 0
A27: Guidance Activities | E27: =COUNTIF($E$5:$E$19,"Guidance Activities") -> 0 | F27: =SUMIF($E$5:$E$19,"Guidance Activities",$G$5:$G$19) -> 0 | G27: =SUMIF($E$5:$E$19,"Guidance Activities",$H$5:$H$19) -> 0
A28: Supervision | E28: =COUNTIF($E$5:$E$19,"Supervision") -> 0 | F28: =SUMIF($E$5:$E$19,"Supervision",$G$5:$G$19) -> 0 | G28: =SUMIF($E$5:$E$19,"Supervision",$H$5:$H$19) -> 0
A29: Management and Administration | E29: =COUNTIF($E$5:$E$19,"Management and Administration") -> 0 | F29: =SUMIF($E$5:$E$19,"Management and Administration",$G$5:$G$19) -> 0 | G29: =SUMIF($E$5:$E$19,"Management and Administration",$H$5:$H$19) -> 0
A30: Face-to-Face Seminar | E30: =COUNTIF($E$5:$E$19,"Face-to-Face Seminar") -> 0 | F30: =SUMIF($E$5:$E$19,"Face-to-Face Seminar",$G$5:$G$19) -> 0 | G30: =SUMIF($E$5:$E$19,"Face-to-Face Seminar",$H$5:$H$19) -> 0
A31: TOTAL HOURS THIS WEEK | E31: =SUM(E23:E30) -> 0 | F31: =SUM(F23:F30) -> 0 | G31: =SUM(G23:G30) -> 0
A32: ↳ Direct Client Contact Hours | G32: =G23+G24+G25 -> 0
A33: ↳ Other Activities Hours | G33: =G31-G32 -> 0
A35: REFLECTION
A42: Trainee Counsellor's Signature: | F42: Academic Supervisor / Field Supervisor's Signature:
A43: Signature : | F43: Signature :
A45: Name : | F45: Name :
A47: Date : | F47: Date :

Sheet W15
A1: WEEK 15 — PRACTICUM TRAINING LOG (AMCP5103)
A2: Week No: | C2: 15 | D2: Date From: | F2: 46375 | G2: Date To: | I2: 46381
A4: No. | B4: Date | C4: Time (Start–End) | D4: Activity Description | E4: Activity Type | F4: Client Code | G4: No. of Clients | H4: Duration (hrs) | I4: Notes / Observations
A5: 1
A6: 2
A7: 3
A8: 4
A9: 5
A10: 6
A11: 7
A12: 8
A13: 9
A14: 10
A15: 11
A16: 12
... A19: 15
A21: WEEKLY HOUR COLLECTION
A22: Component | E22: Number of Sessions | F22: Number of Clients | G22: Total Hours
A23: Individual Counselling | E23: =COUNTIF($E$5:$E$19,"Individual Counselling") -> 0 | F23: =SUMIF($E$5:$E$19,"Individual Counselling",$G$5:$G$19) -> 0 | G23: =SUMIF($E$5:$E$19,"Individual Counselling",$H$5:$H$19) -> 0
A24: Group Counselling | E24: =COUNTIF($E$5:$E$19,"Group Counselling") -> 0 | F24: =SUMIF($E$5:$E$19,"Group Counselling",$G$5:$G$19) -> 0 | G24: =SUMIF($E$5:$E$19,"Group Counselling",$H$5:$H$19) -> 0
A25: Career / Family / Couple Counselling | E25: =COUNTIF($E$5:$E$19,"Career / Family / Couple Counselling") -> 0 | F25: =SUMIF($E$5:$E$19,"Career / Family / Couple Counselling",$G$5:$G$19) -> 0 | G25: =SUMIF($E$5:$E$19,"Career / Family / Couple Counselling",$H$5:$H$19) -> 0
A26: Professional Development | E26: =COUNTIF($E$5:$E$19,"Professional Development") -> 0 | F26: =SUMIF($E$5:$E$19,"Professional Development",$G$5:$G$19) -> 0 | G26: =SUMIF($E$5:$E$19,"Professional Development",$H$5:$H$19) -> 0
A27: Guidance Activities | E27: =COUNTIF($E$5:$E$19,"Guidance Activities") -> 0 | F27: =SUMIF($E$5:$E$19,"Guidance Activities",$G$5:$G$19) -> 0 | G27: =SUMIF($E$5:$E$19,"Guidance Activities",$H$5:$H$19) -> 0
A28: Supervision | E28: =COUNTIF($E$5:$E$19,"Supervision") -> 0 | F28: =SUMIF($E$5:$E$19,"Supervision",$G$5:$G$19) -> 0 | G28: =SUMIF($E$5:$E$19,"Supervision",$H$5:$H$19) -> 0
A29: Management and Administration | E29: =COUNTIF($E$5:$E$19,"Management and Administration") -> 0 | F29: =SUMIF($E$5:$E$19,"Management and Administration",$G$5:$G$19) -> 0 | G29: =SUMIF($E$5:$E$19,"Management and Administration",$H$5:$H$19) -> 0
A30: Face-to-Face Seminar | E30: =COUNTIF($E$5:$E$19,"Face-to-Face Seminar") -> 0 | F30: =SUMIF($E$5:$E$19,"Face-to-Face Seminar",$G$5:$G$19) -> 0 | G30: =SUMIF($E$5:$E$19,"Face-to-Face Seminar",$H$5:$H$19) -> 0
A31: TOTAL HOURS THIS WEEK | E31: =SUM(E23:E30) -> 0 | F31: =SUM(F23:F30) -> 0 | G31: =SUM(G23:G30) -> 0
A32: ↳ Direct Client Contact Hours | G32: =G23+G24+G25 -> 0
A33: ↳ Other Activities Hours | G33: =G31-G32 -> 0
A35: REFLECTION
A42: Trainee Counsellor's Signature: | F42: Academic Supervisor / Field Supervisor's Signature:
A43: Signature : | F43: Signature :
A45: Name : | F45: Name :
A47: Date : | F47: Date :

Sheet W16
A1: WEEK 16 — PRACTICUM TRAINING LOG (AMCP5103)
A2: Week No: | C2: 16 | D2: Date From: | F2: 46382 | G2: Date To: | I2: 46388
A4: No. | B4: Date | C4: Time (Start–End) | D4: Activity Description | E4: Activity Type | F4: Client Code | G4: No. of Clients | H4: Duration (hrs) | I4: Notes / Observations
A5: 1
A6: 2
A7: 3
A8: 4
A9: 5
A10: 6
A11: 7
A12: 8
A13: 9
A14: 10
A15: 11
A16: 12
... A19: 15
A21: WEEKLY HOUR COLLECTION
A22: Component | E22: Number of Sessions | F22: Number of Clients | G22: Total Hours
A23: Individual Counselling | E23: =COUNTIF($E$5:$E$19,"Individual Counselling") -> 0 | F23: =SUMIF($E$5:$E$19,"Individual Counselling",$G$5:$G$19) -> 0 | G23: =SUMIF($E$5:$E$19,"Individual Counselling",$H$5:$H$19) -> 0
A24: Group Counselling | E24: =COUNTIF($E$5:$E$19,"Group Counselling") -> 0 | F24: =SUMIF($E$5:$E$19,"Group Counselling",$G$5:$G$19) -> 0 | G24: =SUMIF($E$5:$E$19,"Group Counselling",$H$5:$H$19) -> 0
A25: Career / Family / Couple Counselling | E25: =COUNTIF($E$5:$E$19,"Career / Family / Couple Counselling") -> 0 | F25: =SUMIF($E$5:$E$19,"Career / Family / Couple Counselling",$G$5:$G$19) -> 0 | G25: =SUMIF($E$5:$E$19,"Career / Family / Couple Counselling",$H$5:$H$19) -> 0
A26: Professional Development | E26: =COUNTIF($E$5:$E$19,"Professional Development") -> 0 | F26: =SUMIF($E$5:$E$19,"Professional Development",$G$5:$G$19) -> 0 | G26: =SUMIF($E$5:$E$19,"Professional Development",$H$5:$H$19) -> 0
A27: Guidance Activities | E27: =COUNTIF($E$5:$E$19,"Guidance Activities") -> 0 | F27: =SUMIF($E$5:$E$19,"Guidance Activities",$G$5:$G$19) -> 0 | G27: =SUMIF($E$5:$E$19,"Guidance Activities",$H$5:$H$19) -> 0
A28: Supervision | E28: =COUNTIF($E$5:$E$19,"Supervision") -> 0 | F28: =SUMIF($E$5:$E$19,"Supervision",$G$5:$G$19) -> 0 | G28: =SUMIF($E$5:$E$19,"Supervision",$H$5:$H$19) -> 0
A29: Management and Administration | E29: =COUNTIF($E$5:$E$19,"Management and Administration") -> 0 | F29: =SUMIF($E$5:$E$19,"Management and Administration",$G$5:$G$19) -> 0 | G29: =SUMIF($E$5:$E$19,"Management and Administration",$H$5:$H$19) -> 0
A30: Face-to-Face Seminar | E30: =COUNTIF($E$5:$E$19,"Face-to-Face Seminar") -> 0 | F30: =SUMIF($E$5:$E$19,"Face-to-Face Seminar",$G$5:$G$19) -> 0 | G30: =SUMIF($E$5:$E$19,"Face-to-Face Seminar",$H$5:$H$19) -> 0
A31: TOTAL HOURS THIS WEEK | E31: =SUM(E23:E30) -> 0 | F31: =SUM(F23:F30) -> 0 | G31: =SUM(G23:G30) -> 0
A32: ↳ Direct Client Contact Hours | G32: =G23+G24+G25 -> 0
A33: ↳ Other Activities Hours | G33: =G31-G32 -> 0
A35: REFLECTION
A42: Trainee Counsellor's Signature: | F42: Academic Supervisor / Field Supervisor's Signature:
A43: Signature : | F43: Signature :
A45: Name : | F45: Name :
A47: Date : | F47: Date :

Sheet W17
A1: WEEK 17 — PRACTICUM TRAINING LOG (AMCP5103)
A2: Week No: | C2: 17 | D2: Date From: | G2: Date To:
A4: No. | B4: Date | C4: Time (Start–End) | D4: Activity Description | E4: Activity Type | F4: Client Code | G4: No. of Clients | H4: Duration (hrs) | I4: Notes / Observations
A5: 1
A6: 2
A7: 3
A8: 4
A9: 5
A10: 6
A11: 7
A12: 8
A13: 9
A14: 10
A15: 11
A16: 12
... A19: 15
A21: WEEKLY HOUR COLLECTION
A22: Component | E22: Number of Sessions | F22: Number of Clients | G22: Total Hours
A23: Individual Counselling | E23: =COUNTIF($E$5:$E$19,"Individual Counselling") -> 0 | F23: =SUMIF($E$5:$E$19,"Individual Counselling",$G$5:$G$19) -> 0 | G23: =SUMIF($E$5:$E$19,"Individual Counselling",$H$5:$H$19) -> 0
A24: Group Counselling | E24: =COUNTIF($E$5:$E$19,"Group Counselling") -> 0 | F24: =SUMIF($E$5:$E$19,"Group Counselling",$G$5:$G$19) -> 0 | G24: =SUMIF($E$5:$E$19,"Group Counselling",$H$5:$H$19) -> 0
A25: Career / Family / Couple Counselling | E25: =COUNTIF($E$5:$E$19,"Career / Family / Couple Counselling") -> 0 | F25: =SUMIF($E$5:$E$19,"Career / Family / Couple Counselling",$G$5:$G$19) -> 0 | G25: =SUMIF($E$5:$E$19,"Career / Family / Couple Counselling",$H$5:$H$19) -> 0
A26: Professional Development | E26: =COUNTIF($E$5:$E$19,"Professional Development") -> 0 | F26: =SUMIF($E$5:$E$19,"Professional Development",$G$5:$G$19) -> 0 | G26: =SUMIF($E$5:$E$19,"Professional Development",$H$5:$H$19) -> 0
A27: Guidance Activities | E27: =COUNTIF($E$5:$E$19,"Guidance Activities") -> 0 | F27: =SUMIF($E$5:$E$19,"Guidance Activities",$G$5:$G$19) -> 0 | G27: =SUMIF($E$5:$E$19,"Guidance Activities",$H$5:$H$19) -> 0
A28: Supervision | E28: =COUNTIF($E$5:$E$19,"Supervision") -> 0 | F28: =SUMIF($E$5:$E$19,"Supervision",$G$5:$G$19) -> 0 | G28: =SUMIF($E$5:$E$19,"Supervision",$H$5:$H$19) -> 0
A29: Management and Administration | E29: =COUNTIF($E$5:$E$19,"Management and Administration") -> 0 | F29: =SUMIF($E$5:$E$19,"Management and Administration",$G$5:$G$19) -> 0 | G29: =SUMIF($E$5:$E$19,"Management and Administration",$H$5:$H$19) -> 0
A30: Face-to-Face Seminar | E30: =COUNTIF($E$5:$E$19,"Face-to-Face Seminar") -> 0 | F30: =SUMIF($E$5:$E$19,"Face-to-Face Seminar",$G$5:$G$19) -> 0 | G30: =SUMIF($E$5:$E$19,"Face-to-Face Seminar",$H$5:$H$19) -> 0
A31: TOTAL HOURS THIS WEEK | E31: =SUM(E23:E30) -> 0 | F31: =SUM(F23:F30) -> 0 | G31: =SUM(G23:G30) -> 0
A32: ↳ Direct Client Contact Hours | G32: =G23+G24+G25 -> 0
A33: ↳ Other Activities Hours | G33: =G31-G32 -> 0
A35: REFLECTION
A42: Trainee Counsellor's Signature: | F42: Academic Supervisor / Field Supervisor's Signature:
A43: Signature : | F43: Signature :
A45: Name : | F45: Name :
A47: Date : | F47: Date :

Sheet W18
A1: WEEK 18 — PRACTICUM TRAINING LOG (AMCP5103)
A2: Week No: | C2: 18 | D2: Date From: | G2: Date To:
A4: No. | B4: Date | C4: Time (Start–End) | D4: Activity Description | E4: Activity Type | F4: Client Code | G4: No. of Clients | H4: Duration (hrs) | I4: Notes / Observations
A5: 1
A6: 2
A7: 3
A8: 4
A9: 5
A10: 6
A11: 7
A12: 8
A13: 9
A14: 10
A15: 11
A16: 12
... A19: 15
A21: WEEKLY HOUR COLLECTION
A22: Component | E22: Number of Sessions | F22: Number of Clients | G22: Total Hours
A23: Individual Counselling | E23: =COUNTIF($E$5:$E$19,"Individual Counselling") -> 0 | F23: =SUMIF($E$5:$E$19,"Individual Counselling",$G$5:$G$19) -> 0 | G23: =SUMIF($E$5:$E$19,"Individual Counselling",$H$5:$H$19) -> 0
A24: Group Counselling | E24: =COUNTIF($E$5:$E$19,"Group Counselling") -> 0 | F24: =SUMIF($E$5:$E$19,"Group Counselling",$G$5:$G$19) -> 0 | G24: =SUMIF($E$5:$E$19,"Group Counselling",$H$5:$H$19) -> 0
A25: Career / Family / Couple Counselling | E25: =COUNTIF($E$5:$E$19,"Career / Family / Couple Counselling") -> 0 | F25: =SUMIF($E$5:$E$19,"Career / Family / Couple Counselling",$G$5:$G$19) -> 0 | G25: =SUMIF($E$5:$E$19,"Career / Family / Couple Counselling",$H$5:$H$19) -> 0
A26: Professional Development | E26: =COUNTIF($E$5:$E$19,"Professional Development") -> 0 | F26: =SUMIF($E$5:$E$19,"Professional Development",$G$5:$G$19) -> 0 | G26: =SUMIF($E$5:$E$19,"Professional Development",$H$5:$H$19) -> 0
A27: Guidance Activities | E27: =COUNTIF($E$5:$E$19,"Guidance Activities") -> 0 | F27: =SUMIF($E$5:$E$19,"Guidance Activities",$G$5:$G$19) -> 0 | G27: =SUMIF($E$5:$E$19,"Guidance Activities",$H$5:$H$19) -> 0
A28: Supervision | E28: =COUNTIF($E$5:$E$19,"Supervision") -> 0 | F28: =SUMIF($E$5:$E$19,"Supervision",$G$5:$G$19) -> 0 | G28: =SUMIF($E$5:$E$19,"Supervision",$H$5:$H$19) -> 0
A29: Management and Administration | E29: =COUNTIF($E$5:$E$19,"Management and Administration") -> 0 | F29: =SUMIF($E$5:$E$19,"Management and Administration",$G$5:$G$19) -> 0 | G29: =SUMIF($E$5:$E$19,"Management and Administration",$H$5:$H$19) -> 0
A30: Face-to-Face Seminar | E30: =COUNTIF($E$5:$E$19,"Face-to-Face Seminar") -> 0 | F30: =SUMIF($E$5:$E$19,"Face-to-Face Seminar",$G$5:$G$19) -> 0 | G30: =SUMIF($E$5:$E$19,"Face-to-Face Seminar",$H$5:$H$19) -> 0
A31: TOTAL HOURS THIS WEEK | E31: =SUM(E23:E30) -> 0 | F31: =SUM(F23:F30) -> 0 | G31: =SUM(G23:G30) -> 0
A32: ↳ Direct Client Contact Hours | G32: =G23+G24+G25 -> 0
A33: ↳ Other Activities Hours | G33: =G31-G32 -> 0
A35: REFLECTION
A42: Trainee Counsellor's Signature: | F42: Academic Supervisor / Field Supervisor's Signature:
A43: Signature : | F43: Signature :
A45: Name : | F45: Name :
A47: Date : | F47: Date :
